dong,x_km,y_km,coast_km,imperv_pct,ndvi,elev_m,pop_density,landuse,lst_c,heat_warn
D01,37.70,9.83,37.70,30.9,0.546,121,2829,녹지,26.26,0
D02,12.29,24.77,12.29,59.6,0.385,80,9474,주거,29.60,0
D03,10.20,15.68,10.20,60.1,0.435,25,10789,주거,29.78,1
D04,8.90,1.40,8.90,38.3,0.507,45,15267,녹지,27.55,0
D05,31.45,17.21,31.45,54.0,0.484,131,15863,주거,28.11,0
D06,8.67,29.56,8.67,56.2,0.491,113,16678,주거,30.75,1
D07,32.23,11.22,32.23,51.5,0.474,141,8943,주거,28.93,0
D08,29.31,11.46,29.31,64.5,0.284,123,16048,주거,29.63,1
D09,16.87,25.39,16.87,80.0,0.304,106,36901,상업,33.91,1
D10,19.67,17.74,19.67,87.7,0.263,111,34761,상업,31.00,1
D11,36.37,16.01,36.37,37.0,0.596,163,2913,녹지,24.82,0
D12,31.64,5.57,31.64,28.0,0.621,169,3922,녹지,24.62,0
D13,6.15,16.70,6.15,56.0,0.502,14,10518,주거,28.16,0
D14,29.96,4.88,29.96,58.5,0.490,121,4871,주거,28.44,0
D15,16.12,17.09,16.12,77.7,0.304,73,7411,상업,31.11,1
D16,39.66,23.42,39.66,22.1,0.684,198,2971,녹지,23.22,0
D17,8.46,2.39,8.46,45.9,0.590,53,6549,주거,27.42,0
D18,16.42,22.99,16.42,72.4,0.365,90,17954,주거,30.72,1
D19,37.73,24.52,37.73,20.0,0.680,195,3386,녹지,22.34,0
D20,23.21,2.36,23.21,60.8,0.502,87,16483,주거,29.86,1
D21,29.43,24.89,29.43,54.6,0.347,181,18894,주거,28.91,0
D22,24.19,1.69,24.19,41.9,0.591,107,3438,녹지,27.58,0
D23,9.25,28.18,9.25,22.5,0.628,97,4210,녹지,24.36,0
D24,2.18,9.84,2.18,50.2,0.367,18,19071,주거,27.18,0
D25,3.80,10.21,3.80,51.1,0.510,54,18276,주거,28.03,0
D26,14.41,11.02,14.41,79.0,0.361,44,13134,상업,32.65,1
D27,3.68,8.52,3.68,31.7,0.583,22,5504,녹지,25.59,0
D28,6.80,2.64,6.80,37.5,0.576,59,6661,녹지,27.09,0
D29,19.44,16.99,19.44,85.0,0.308,57,22381,상업,36.80,1
D30,14.21,2.53,14.21,57.7,0.404,62,5769,주거,31.01,1
D31,22.49,11.91,22.49,77.5,0.317,106,19065,상업,29.13,0
D32,13.73,4.16,13.73,68.1,0.396,70,31807,주거,31.14,1
D33,22.24,18.64,22.24,68.0,0.328,87,13428,주거,31.79,1
D34,25.72,7.16,25.72,51.0,0.462,134,8256,주거,26.25,0
D35,34.17,2.57,34.17,33.0,0.534,141,4013,녹지,25.54,0
D36,1.34,0.51,1.34,39.0,0.492,33,10991,녹지,24.88,0
D37,30.03,24.45,30.03,37.3,0.544,160,5796,녹지,25.86,0
D38,14.95,9.93,14.95,64.3,0.401,54,5035,주거,29.22,0
D39,9.97,24.70,9.97,71.8,0.346,95,4817,주거,33.48,1
D40,4.46,27.04,4.46,34.0,0.601,68,4697,녹지,26.47,0
D41,21.55,1.56,21.55,53.9,0.482,112,7320,주거,27.99,0
D42,28.24,4.93,28.24,63.7,0.420,147,10093,주거,28.02,0
D43,39.00,3.00,39.00,94.0,0.070,140,900,공업,41.24,1
D44,12.42,5.19,12.42,61.8,0.382,55,25691,주거,31.94,1
D45,39.29,7.59,39.29,31.4,0.523,190,5182,녹지,27.01,0
D46,21.08,5.99,21.08,64.8,0.454,124,24214,주거,28.74,0
D47,35.80,5.03,35.80,30.7,0.633,175,9891,녹지,25.04,0
D48,3.62,25.13,3.62,36.0,0.543,40,5626,녹지,25.95,0
D49,2.26,26.87,2.26,32.0,0.579,81,3583,녹지,26.02,0
D50,17.56,24.20,17.56,76.2,0.348,93,8866,상업,29.48,0
D51,0.90,26.25,0.90,13.9,0.653,38,3686,녹지,23.96,0
D52,12.28,15.66,12.28,81.0,0.257,57,59528,상업,30.85,1
D53,1.20,4.08,1.20,34.4,0.526,11,2819,녹지,25.64,0
D54,32.74,4.20,32.74,40.3,0.529,161,4670,녹지,26.11,0
D55,3.24,10.89,3.24,49.2,0.537,31,5458,주거,28.86,0
D56,22.13,1.54,22.13,52.2,0.433,94,13217,주거,28.87,0
D57,38.74,11.37,38.74,36.9,0.610,170,4600,녹지,26.74,0
D58,18.82,10.48,18.82,63.6,0.403,106,28987,주거,26.19,0
D59,12.41,9.06,12.41,76.9,0.291,77,10929,상업,28.50,0
D60,34.26,11.53,34.26,50.9,0.504,148,40111,주거,27.43,0
D61,29.58,27.99,29.58,43.1,0.459,203,15260,녹지,26.49,0
D62,5.50,1.57,5.50,39.0,0.546,31,4857,녹지,26.40,0
D63,17.24,17.64,17.24,94.6,0.200,92,25553,상업,36.88,1
D64,14.26,24.71,14.26,81.3,0.381,100,13977,상업,34.43,1
D65,32.15,25.57,32.15,55.9,0.414,186,12694,주거,26.83,0
D66,19.63,7.52,19.63,83.6,0.275,90,28765,상업,30.06,1
D67,16.79,11.70,16.79,68.6,0.298,85,13732,주거,27.07,0
D68,16.81,23.78,16.81,83.3,0.217,93,22243,상업,34.36,1
D69,28.91,25.29,28.91,50.9,0.497,166,8519,주거,26.91,0
D70,38.99,8.19,38.99,23.4,0.716,178,3018,녹지,24.68,0
D71,25.46,15.36,25.46,75.3,0.373,115,15158,상업,31.41,1
D72,17.03,2.85,17.03,68.9,0.283,81,32393,주거,30.52,1
D73,24.76,27.41,24.76,37.8,0.497,167,11853,녹지,26.20,0
D74,39.94,21.73,39.94,32.8,0.516,197,4304,녹지,24.70,0
D75,36.01,24.71,36.01,29.2,0.595,191,5657,녹지,24.77,0
D76,3.75,7.71,3.75,48.0,0.535,19,5898,주거,27.88,0
D77,9.67,0.09,9.67,41.2,0.566,58,9215,녹지,28.36,0
D78,21.75,7.57,21.75,76.5,0.310,132,7796,상업,28.68,0
D79,19.10,17.05,19.10,88.8,0.231,97,38522,상업,31.91,1
D80,17.12,11.44,17.12,78.0,0.186,93,29251,상업,29.00,0
